Sat May 09 18:19:14 +0000 2015,RT @BostonCelts4eva: 27 years ago today, K.C. Jones who won 10 total #NBA championships with the #Celtics was inducted into the Basketball ‚Ä¶
Sat May 09 18:17:32 +0000 2015,RT @PatriotsNationn: BOSTON = TITLE TOWN/#Patriots #Celtics #RedSox #Bruins http://t.co/Muh6gki5qp
Sat May 09 18:17:14 +0000 2015,RT @BostonCelts4eva: 27 years ago today, K.C. Jones who won 10 total #NBA championships with the #Celtics was inducted into the Basketball ‚Ä¶
Sat May 09 18:16:20 +0000 2015,RT @BostonCelts4eva: 27 years ago today, K.C. Jones who won 10 total #NBA championships with the #Celtics was inducted into the Basketball ‚Ä¶
Sat May 09 18:16:19 +0000 2015,L L B #Celtics #Jersey XL MAJESTIC HARDWOOD CLASSICS Boston Celtics REPLICA NBA JERSEY 9/10 #Basketball #NBA http://t.co/8NwgmxNu9N
Sat May 09 18:15:55 +0000 2015,RT @BostonCelts4eva: 27 years ago today, K.C. Jones who won 10 total #NBA championships with the #Celtics was inducted into the Basketball ‚Ä¶
Sat May 09 18:15:07 +0000 2015,RT @BostonCelts4eva: 27 years ago today, K.C. Jones who won 10 total #NBA championships with the #Celtics was inducted into the Basketball ‚Ä¶
Sat May 09 18:14:58 +0000 2015,RT @BostonCelts4eva: 27 years ago today, K.C. Jones who won 10 total #NBA championships with the #Celtics was inducted into the Basketball ‚Ä¶
Sat May 09 18:14:31 +0000 2015,RT @BostonCelts4eva: 27 years ago today, K.C. Jones who won 10 total #NBA championships with the #Celtics was inducted into the Basketball ‚Ä¶
Sat May 09 18:14:22 +0000 2015,RT @BostonCelts4eva: 27 years ago today, K.C. Jones who won 10 total #NBA championships with the #Celtics was inducted into the Basketball ‚Ä¶
Sat May 09 18:14:02 +0000 2015,RT @BostonCelts4eva: 27 years ago today, K.C. Jones who won 10 total #NBA championships with the #Celtics was inducted into the Basketball ‚Ä¶
Sat May 09 18:13:17 +0000 2015,RT @BostonCelts4eva: 27 years ago today, K.C. Jones who won 10 total #NBA championships with the #Celtics was inducted into the Basketball ‚Ä¶
Sat May 09 18:13:14 +0000 2015,Working on a new article for the #celtics to put up @CelticsNation5, and more #bruins love for @PerSources14. Stay tuned! #AllIDoIsWrite
Sat May 09 18:13:00 +0000 2015,RT @BostonCelts4eva: 27 years ago today, K.C. Jones who won 10 total #NBA championships with the #Celtics was inducted into the Basketball ‚Ä¶
Sat May 09 18:12:58 +0000 2015,RT @BostonCelts4eva: 27 years ago today, K.C. Jones who won 10 total #NBA championships with the #Celtics was inducted into the Basketball ‚Ä¶
Sat May 09 18:12:55 +0000 2015,RT @BostonCelts4eva: 27 years ago today, K.C. Jones who won 10 total #NBA championships with the #Celtics was inducted into the Basketball ‚Ä¶
Sat May 09 18:12:54 +0000 2015,RT @BostonCelts4eva: 27 years ago today, K.C. Jones who won 10 total #NBA championships with the #Celtics was inducted into the Basketball ‚Ä¶
Sat May 09 18:12:50 +0000 2015,RT @BostonCelts4eva: 27 years ago today, K.C. Jones who won 10 total #NBA championships with the #Celtics was inducted into the Basketball ‚Ä¶
Sat May 09 18:12:41 +0000 2015,RT @BostonCelts4eva: 27 years ago today, K.C. Jones who won 10 total #NBA championships with the #Celtics was inducted into the Basketball ‚Ä¶
Sat May 09 18:12:28 +0000 2015,27 years ago today, K.C. Jones who won 10 total #NBA championships with the #Celtics was inducted into the Basketball Hall of Fame.
Sat May 09 18:10:31 +0000 2015,L #Celtics #Tshirt NBA BOSTON CELTICS WOMAN T SHIRT SIZE XL NWT #NBA #Boston http://t.co/Dd3guwXWMw
Sat May 09 18:10:30 +0000 2015,#Celtics #Tshirt NBA Boston Celtics Adult Large T-Shirt http://t.co/s2hZlKFoJp #NBA #Boston
Sat May 09 18:07:50 +0000 2015,@ROMEiNNOVATesU @BSO @thacover2 Shit, come 2 think of it, the #Celtics could use sum1 like Butler. Danny Ainge may (??) do his due diligence
Sat May 09 18:07:41 +0000 2015,#Healthy #Program Healthy Eating Habits for Women to Adopt in 2015 http://t.co/nNfgsdC659 #Celtics #GetFit
Sat May 09 18:07:41 +0000 2015,#NBA #Boston #Celtics NBA Basketball T-Shirt Dark Blue Black Mens Medium M http://t.co/yk9UOFKMcp #BasketBall #Forsale
Sat May 09 18:07:40 +0000 2015,#NBA #Celtics #Arena NBA BOSTON CELTICS STICKER DECAL 3.50" X 3.75" http://t.co/cWM33DmQDy #BasketBall #Deals
Sat May 09 18:07:40 +0000 2015,#Celtics #Hat Boston Celtics Adidas NBA Structured Team Name FlexFit Hat Cap L/XL http://t.co/U1rH2bmFJ2 #Boston #BestSeller
Sat May 09 18:05:17 +0000 2015,RT @CeltsCentral: The #Celtics will always be a family.  @ForeverGreen_ @CelticsNation5 üçÄüèÄ #CelticsFamily http://t.co/tz0E43eFXk
Sat May 09 18:04:04 +0000 2015,RT @CeltsCentral: The #Celtics will always be a family.  @ForeverGreen_ @CelticsNation5 üçÄüèÄ #CelticsFamily http://t.co/tz0E43eFXk
Sat May 09 18:03:57 +0000 2015,RT @CeltsCentral: The #Celtics will always be a family.  @ForeverGreen_ @CelticsNation5 üçÄüèÄ #CelticsFamily http://t.co/tz0E43eFXk
Sat May 09 18:03:37 +0000 2015,RT @CeltsCentral: The #Celtics will always be a family.  @ForeverGreen_ @CelticsNation5 üçÄüèÄ #CelticsFamily http://t.co/tz0E43eFXk
Sat May 09 18:03:37 +0000 2015,RT @CeltsCentral: The #Celtics will always be a family.  @ForeverGreen_ @CelticsNation5 üçÄüèÄ #CelticsFamily http://t.co/tz0E43eFXk
Sat May 09 18:00:47 +0000 2015,RT @CeltsCentral: The #Celtics will always be a family.  @ForeverGreen_ @CelticsNation5 üçÄüèÄ #CelticsFamily http://t.co/tz0E43eFXk
Sat May 09 18:00:46 +0000 2015,Little Big Man - The Story of Isaiah Thomas http://t.co/82QldSzaoD #Celtics #NBA
Sat May 09 18:00:43 +0000 2015,http://t.co/KX6iKUfbTz [Celtics Green Blog] - Comments from the Other Side - Bonus Ed #Celtics http://t.co/d0PlpZ5VBB
Sat May 09 18:00:08 +0000 2015,RT @CeltsCentral: The #Celtics will always be a family.  @ForeverGreen_ @CelticsNation5 üçÄüèÄ #CelticsFamily http://t.co/tz0E43eFXk
Sat May 09 17:58:53 +0000 2015,RT @CeltsCentral: The #Celtics will always be a family.  @ForeverGreen_ @CelticsNation5 üçÄüèÄ #CelticsFamily http://t.co/tz0E43eFXk
Sat May 09 17:58:32 +0000 2015,L B #NBA #Celtics #Arena Boston Celtics Professional Basketball Jersey, Shamrock logo, Majestic,‚Ä¶ #BasketBall‚Ä¶ http://t.co/0BWM94zbg9
Sat May 09 17:58:26 +0000 2015,RT @CeltsCentral: The #Celtics will always be a family.  @ForeverGreen_ @CelticsNation5 üçÄüèÄ #CelticsFamily http://t.co/tz0E43eFXk
Sat May 09 17:56:29 +0000 2015,RT @CeltsCentral: The #Celtics will always be a family.  @ForeverGreen_ @CelticsNation5 üçÄüèÄ #CelticsFamily http://t.co/tz0E43eFXk
Sat May 09 17:53:53 +0000 2015,The #Celtics will always be a family.  @ForeverGreen_ @CelticsNation5 üçÄüèÄ #CelticsFamily http://t.co/tz0E43eFXk
Sat May 09 17:52:50 +0000 2015,RT @Celtics_fans10: NBA Feeling Lakers' Pain - http://t.co/n0JdUXtAZL #Celtics
Sat May 09 17:52:09 +0000 2015,#Celtics #Jersey BOYS BOSTON CELTICS NBA JERSEY #9 RAJON RONDO SEWN SIZE LARGE 14-16 http://t.co/DLy4DGSYN2 #Basketball #NBA
Sat May 09 17:52:09 +0000 2015,L L #NBA #Celtics #Arena Boston Celtics Toddler Kids Warm up Suit 2 piece pants / jacket 24m 2T NWOT #BasketBall‚Ä¶ http://t.co/LAbyDCS31Y
Sat May 09 17:52:08 +0000 2015,#Healthy #Program How To Lose Weight With Ease In 2 Weeks http://t.co/Fcme0JeL9K #Celtics #GetFit
Sat May 09 17:52:07 +0000 2015,NBA Feeling Lakers' Pain - http://t.co/n0JdUXtAZL #Celtics
Sat May 09 17:50:41 +0000 2015,#NBA NBA #Boston #Celtics WOMAN T SHIRT SIZE XL NWT http://t.co/yRm25tV5JT #BasketBall #Forsale
Sat May 09 17:50:40 +0000 2015,#NBA #Celtics #Arena Boston Celtics NBA Basketball T-Shirt Dark Blue Black Mens Medium M http://t.co/c7wQJGpmqQ #BasketBall #Deals
Sat May 09 17:45:08 +0000 2015,L B #NBA #Celtics #Arena Boston Celtics Professional Warm Up Top, Hardwood Classics Majestic, 2XL #BasketBall‚Ä¶ http://t.co/YjfGKwzALQ
Sat May 09 17:43:48 +0000 2015,http://t.co/KX6iKUfbTz BOSTON CELTICS ADIDAS FLAT BRIM FITTED W/ FLEXFIT BASEBALL HAT #Celtics http://t.co/6CEjxnmQgF
Sat May 09 17:40:45 +0000 2015,2015 Awards Series Defensive Player of the Year :Marcus Smart http://t.co/k7k11sX9fg #Celtics #NBA
Sat May 09 17:39:12 +0000 2015,L #Celtics #Tshirt Boston Celtics NBA Basketball T-Shirt Dark Blue Black Mens Medium M #NBA #Boston http://t.co/6qCw3xGXrJ
Sat May 09 17:39:10 +0000 2015,NBA: Boston #Celtics Have Big Plans This Offseason - http://t.co/nSBgi147dd
Sat May 09 17:35:20 +0000 2015,#Celtics #Jersey Boston Celtics Paul Pierce Sz 2XL White Green Basketball Jersey NBA Nike Sewn¬† http://t.co/UmjenV8UIO #Basketball #NBA
Sat May 09 17:35:19 +0000 2015,#Healthy #Program The Top Weight Loss Program Is a Healthy Weight Loss Program - Here's Why http://t.co/gRpxUX2vrP #Celtics #GetFit
Sat May 09 17:33:10 +0000 2015,L #NBA #Celtics #Arena NBA Boston Celtics Basketall Truck Car Home MAGNET NIP Made in U.S.A. #BasketBall #Deals http://t.co/9258dIB3A3
Sat May 09 17:32:41 +0000 2015,#NBA Vintage #Boston #Celtics NBA Basketball T-Shirt Green Old Navy Mens Medium M http://t.co/5Q1l9YVc1d #BasketBall #Forsale
Sat May 09 17:32:41 +0000 2015,#NBA #Celtics #Arena BOYS BOSTON CELTICS NBA JERSEY #9 RAJON RONDO SEWN SIZE LARGE 14-16 http://t.co/JqmumRyDSZ #BasketBall #Deals
Sat May 09 17:27:42 +0000 2015,Jay King says "fireworks" unlikely from #Boston #Celtics, who should they go after? #freeagency¬†http://t.co/WSQq9Zo2Nk
Sat May 09 17:26:12 +0000 2015,L B #Celtics #Jersey XL MAJESTIC HARDWOOD CLASSICS Boston Celtics REPLICA NBA JERSEY 9/10 #Basketball #NBA http://t.co/M7iPg1dPoJ
Sat May 09 17:20:45 +0000 2015,2015 Awards Series Most Improved Player :Tyler Zeller http://t.co/5YnaS7H2uL #Celtics #NBA
Sat May 09 17:19:40 +0000 2015,L #Celtics #Hat RARE BOSTON CELTICS HWC NBA NEW ERA HAT/BALL CAP #Boston #BestSeller http://t.co/wLc8E2WEuB
Sat May 09 17:19:40 +0000 2015,#Celtics #Tshirt NBA BOSTON CELTICS WOMAN T SHIRT SIZE XL NWT http://t.co/WUYpCXPcEj #NBA #Boston
Sat May 09 17:19:39 +0000 2015,#Healthy #Program Things You Need to Do If You Want to Lose Weight Fast http://t.co/gx6fBiEKTe #Celtics #GetFit
Sat May 09 17:19:36 +0000 2015,#Sunday on #Celtics_Beat #CLNSRadio "Voice of the #Celtics," Sean Grande weighs in on C's offseason, #NBAPlayoffs‚Ä¶ http://t.co/HuLq42UVYy
Sat May 09 17:17:58 +0000 2015,http://t.co/EEkB0NdMH9: Commercial 1990's Boston... http://t.co/gfNFeXN9hz #boston #celtics #channel #commercial #kevin #mchale #sports
Sat May 09 17:16:19 +0000 2015,#NBA BOYS #Boston #Celtics NBA JERSEY #9 RAJON RONDO SEWN SIZE LARGE 14-16 http://t.co/vCPGF3I1B6 #BasketBall #Forsale
Sat May 09 17:16:18 +0000 2015,#NBA #Celtics #Arena NBA BOSTON CELTICS WOMAN T SHIRT SIZE XL NWT http://t.co/XNGxdNHvXr #BasketBall #Deals
Sat May 09 17:13:36 +0000 2015,L L #Celtics #Jersey Boston "Celtics" basketball jersey #34,Boys Size XL #Basketball #NBA http://t.co/VMmT8Ljp5n
Sat May 09 17:07:07 +0000 2015,L L L #NBA #Celtics #Arena Boston Celtics Professional Basketball Jersey, Shamrock logo, Majestic,‚Ä¶ #BasketBall‚Ä¶ http://t.co/ArAo9WGAe8
Sat May 09 17:03:15 +0000 2015,#Celtics #Tshirt Vintage Boston Celtics NBA Basketball T-Shirt Green Old Navy Mens Medium M http://t.co/QkKGVTmuY9 #NBA #Boston
Sat May 09 17:03:15 +0000 2015,#Healthy #Program Take This Quick Quiz To See If You're Ready To Lose Belly Fat http://t.co/SSbQz2VBa3 #Celtics #GetFit
Sat May 09 17:01:37 +0000 2015,L #NBA #Celtics #Arena Boston Celtics Toddler Kids Warm up Suit 2 piece pants / jacket 24m 2T NWOT #BasketBall‚Ä¶ http://t.co/7ORYmsSPJx
Sat May 09 17:00:44 +0000 2015,Trill of it all :The cost of moving up in draft http://t.co/54PyaxTFdl #Celtics #NBA
Sat May 09 16:59:25 +0000 2015,; i swear i love my home teams #celtics #redsocks #bruins #patriots
Sat May 09 16:59:10 +0000 2015,#NBA #Boston #Celtics T Shirt Rajon Rondo sz Large Majestic NBA Basketball Black Green http://t.co/EVBsskrkEI #BasketBall #Forsale
Sat May 09 16:59:09 +0000 2015,#NBA #Celtics #Arena 50 NEW BOSTON CELTICS BASKETBALL PAPER BEER COASTERS http://t.co/nOMwZ9uBLp #BasketBall #Deals
Sat May 09 16:57:15 +0000 2015,What is the most important facet for #Boston #Celtics free agent pitch?  https://t.co/AiMQmlOGqP
Sat May 09 16:56:41 +0000 2015,#NBA #CELTICS - Vintage Boston Celtics NBA Basketball T-Shirt Green Old Navy Mens Mediu... http://t.co/Yg1Eufdufo http://t.co/k33Sm3HFUt
Sat May 09 16:56:41 +0000 2015,#NBA #CELTICS - Boston Celtics NBA Basketball T-Shirt Dark Blue Black Mens Medium M:  $... http://t.co/YcfWV0jzSt http://t.co/k33Sm3HFUt
Sat May 09 16:56:41 +0000 2015,#NBA #CELTICS - NBA Boston Celtics Basketall Truck Car Home MAGNET NIP Made in U.S.A.: ... http://t.co/yu4QXeWbQd http://t.co/k33Sm3HFUt
Sat May 09 16:56:40 +0000 2015,#NBA #CELTICS - Boston Celtics T Shirt Rajon Rondo sz Large Majestic NBA Basketball Bla... http://t.co/plNHiSQoBf http://t.co/k33Sm3HFUt
Sat May 09 16:56:40 +0000 2015,#NBA #CELTICS - 50 NEW BOSTON CELTICS BASKETBALL PAPER BEER COASTERS:  $14.95End Date: ... http://t.co/YmxVT3BUHX http://t.co/k33Sm3HFUt
Sat May 09 16:55:31 +0000 2015,L L L #NBA #Celtics #Arena Boston Celtics Professional Warm Up Top, Hardwood Classics Majestic, 2XL #BasketBall‚Ä¶ http://t.co/IdmcUQ9Euh
Sat May 09 16:53:59 +0000 2015,What's that?!? LeighEllis rocking our #Celtics tee during the #VerySolidPlay segment of #TheStarters on NBATV!! http://t.co/x5yKSjNNNR
Sat May 09 16:52:23 +0000 2015,RT @celtics_nbanews: Ainge offers support for Brady http://t.co/2W49BZOqM3 #Celtics #NBA
Sat May 09 16:52:13 +0000 2015,#Celtics mascot vs #Raptors mascot in a dance-off http://t.co/L2XpfTOKDJ http://t.co/ipvepaCdNy
Sat May 09 16:47:11 +0000 2015,#Celtics #Tshirt Boston Celtics NBA Basketball T-Shirt Dark Blue Black Mens Medium M http://t.co/gS27nnpIEC #NBA #Boston
Sat May 09 16:47:10 +0000 2015,#Healthy #Program How to Speed Up Your Metabolism Without Exercise http://t.co/FXoP1iDGHo #Celtics #GetFit
Sat May 09 16:44:41 +0000 2015,L #NBA #Celtics #Arena NBA Boston CELTICS Rajon RONDO #9 Replica ADIDAS Basketball Jersey mens sz‚Ä¶ #BasketBall‚Ä¶ http://t.co/tex8j9f0uJ
Sat May 09 16:43:15 +0000 2015,@TheGardenReport Top of #celtics today! Organize your emails: quickly and easily! Try Unroll.Me http://t.co/iztn5iBXEi
Sat May 09 16:42:03 +0000 2015,Spears :Aldridge For Griffin Sign-And-Trade Has Been Rumored - http://t.co/gvmkAEtE39 #Celtics
Sat May 09 16:41:39 +0000 2015,#NBA NBA #Boston #Celtics Basketall Truck Car Home MAGNET NIP Made in U.S.A. http://t.co/DtLqZoUZSi #BasketBall #Forsale
Sat May 09 16:41:38 +0000 2015,#NBA #Celtics #Arena NBA Boston Celtics Basketall Truck Car Home MAGNET NIP Made in U.S.A. http://t.co/kYpdljcxxP #BasketBall #Deals
Sat May 09 16:40:43 +0000 2015,Ainge offers support for Brady http://t.co/2W49BZOqM3 #Celtics #NBA
Sat May 09 16:39:34 +0000 2015,Your Morning Dump‚Ä¶ Where C‚Äôs trade flotsam became a playoff hero: Every‚Ä¶ http://t.co/YxPr0NCf7o (New Post) #Celtics
Sat May 09 16:38:45 +0000 2015,http://t.co/KX6iKUfbTz Sports Illustrated Bob Cousy Boston Celtics 1961  #Celtics http://t.co/bOw0wWo8NH
Sat May 09 16:36:46 +0000 2015,Good for him #Celtics #Clippers  https://t.co/4k03KAH59B
Sat May 09 16:36:07 +0000 2015,RT @That_guy_dom: Photo: My favorite NBA player of all time.#legend #originalbirdman #larry #celtics http://t.co/Dd5gXps9fu
Sat May 09 16:33:14 +0000 2015,Photo: My favorite NBA player of all time.#legend #originalbirdman #larry #celtics http://t.co/Dd5gXps9fu
